query_id	vybor_1_2_3_4_ili_0	vopros	variant	chunk_id	akt	punkty	razdel	nachalo_fragmenta
man0000		как цб управляет объемом ликвидности банковском сектора	1	876-П_03122025#0170	876-П от 03.12.2025	6	Приложение 6	6. В завершающем сеансе после окончания завершающего консолидированного рейса денежные средства распределяются Банком России по банковским счетам участников пула ликвидности следующим образом (если по корреспондентскому 
man0000			2	732-П_24092020#0145	732-П от 24.09.2020	5	Приложение 6	5. В завершающем сеансе платежной системы Банка России после окончания завершающего консолидированного рейса денежные средства распределяются Банком России по банковским счетам участников пула ликвидности в следующем пор
man0000			3	595-П_06072017#0169	595-П от 06.07.2017	5	Приложение 7	5. В завершающем сеансе после окончания завершающего консолидированного рейса, предусмотренного приложением 21 к настоящему Положению, денежные средства распределяются Банком России по банковским счетам участников пула л
man0000			4	595-П_06072017#0100	595-П от 06.07.2017	4.9–4.10	Глава 4. Порядок осуществления платежного клиринга и расчета	4.9. Ликвидность ПУР в системе БЭСП устанавливается в пределах суммы денежных средств, находящихся на корреспондентском счете (субсчете) ПУР в Банке России с учетом лимита внутридневного кредита и кредита овернайт, устан
man0001		от чего зависит объем ликвидности банков	1	4336-У_03042017#0027	4336-У от 03.04.2017	3.4.1–3.4.3	Глава 3. Оценка капитала, активов, доходности,	3.4.1. Показатель общей краткосрочной ликвидности (ПЛ1) определяется как процентное отношение ликвидных активов к привлеченным средствам по формуле: ПЛ1 = Лат  100%, О - (Одл - Офл) где: Лат - ликвидные активы банка. П
man0001			2	421-П_30052014#0065	421-П от 30.05.2014	5.2–5.3	Глава 5. О расчете дополнительных показателей для оценки сос	5.2. В целях построения эффективной системы управления риском ликвидности помимо совокупного ПКЛ рассчитываются ПКЛ отдельно по операциям в рублях и в каждой значимой иностранной валюте. Операции в отдельной иностранной 
man0001			3	180-И_28062017#0085	180-И от 28.06.2017	4.1	Глава 4. Нормативы ликвидности банка	4.1. В целях контроля за состоянием ликвидности банка, то есть его способности обеспечить своевременное и полное выполнение своих денежных и иных обязательств, вытекающих из сделок с использованием финансовых инструменто
man0001			4	199-И_29112019#0147	199-И от 29.11.2019	5.1	Глава 5. Нормативы ликвидности банка	5.1. В целях контроля за состоянием ликвидности банка, то есть его способности обеспечить своевременное и полное выполнение своих денежных и иных обязательств, вытекающих из сделок с использованием финансовых инструменто
man0002		для чего нужна RUONIA	1	6018-У_16122021#0025	6018-У от 16.12.2021	20		России “Руководстве пользователя индекса и срочной версии RUONIA”7. Срочная версия процентной ставки RUONIA обладает такими преимуществами процентной ставки RUONIA, как объективность, высокая степень репрезентативности и
man0002			2	6018-У_16122021#0024	6018-У от 16.12.2021	20		20. Настоящее Положение подлежит официальному опубликованию* и вступает в силу с 1 января 2022 года. Председатель Банка России Э.С. Набиуллина Кредитным организациям Некредитным финансовым организациям от 12.01.2022 № ИН
man0002			3	6018-У_16122021#0026	6018-У от 16.12.2021	20		www.bankofengland.co.uk/markets/sonia-benchmark/sonia-key-features-and-policies 5 https://www.ecb.europa.eu/stats/financial_markets_and_interest_rates/euro_short-term_rate/html/eurostr_overview.en.html 6 https://www.newy
man0002			4	6406-У_10042023#1242	6406-У от 10.04.2023	2.18	Глава 7. Составление раздела 6 Отчета	2.18. В пункте 2 подраздела “Справочно” раздела 1 отражается информация об ипотечных жилищных кредитах, по которым действуют плавающая ставка и (или) процентная ставка, изменение которой зависит от наступления установлен
man0003		в какие сроки можно обратиться за получением страхового возмещения после отзыва лицензии у банка	1	845-П_02112024#0250	845-П от 02.11.2024		Приложение 5	для получения возмещения и исполнения контрактов, даже если получение возмещения может являться длительным или трудоемким процессом Плохая или нестабильная правовая и регулятивная среда. Юрисдикция может затруднить или с
man0003			2	431-П_19092014#0034	431-П от 19.09.2014	4.4.1–4.4.2	Глава 4. Порядок определения размера	4.4.1. В целях получения страховой выплаты лица, указанные в абзаце первом пункта 4.4, предоставляют страховщику: заявление, содержащее сведения о членах семьи умершего потерпевшего, с указанием лиц, находившихся на его 
man0003			3	857-П_02062025#0006	857-П от 02.06.2025	1.2	Глава 1. Общие положения	; выявления Банком России нарушений временной администрацией по управлению кредитной организацией, временной администрацией страховой организации, временной администрацией общества взаимного страхования, временной админи
man0003			4	181-И_16082017#0091	181-И от 16.08.2017	11.1–11.3	Глава 11. Учет операций по контрактам (кредитным договорам),	учет в уполномоченном банке, в случае отзыва лицензии на осуществление банковских операций у уполномоченного банка 11.1. В случае отзыва лицензии на осуществление банковских операций (далее - банковская лицензия) у банка
man0004		с какого числа года или месяца кредитные организации могут пересчитать обязательные резервы	1	6406-У_10042023#2411	6406-У от 10.04.2023		Приложение 2	3-П “Об обязательных резервах кредитных организаций”1 Настоящее Указание Настоящее Указание Зарегистрировано Минюстом России 28 мая 2021 года, регистрационный № 63663, с изменениями, внесенными Указаниями Банка России от
man0004			2	6406-У_10042023#2384	6406-У от 10.04.2023		Приложение 2	месяца, следующего за отчетным месяцем. Квартальная: небанковские кредитные организации, имеющие право на осуществление переводов денежных средств без открытия банковских счетов и связанных с ними иных банковских операци
man0004			3	4927-У_08102018#1522	4927-У от 08.10.2018		Приложение 2	на 1, 11, 21-е числа каждого месяца - не позднее 3-го рабочего дня, следующего за отчетной декадой. Информация реорганизованного уполномоченного банка за отчетный период, в течение которого он осуществлял свою деятельнос
man0004			4	6406-У_10042023#2412	6406-У от 10.04.2023		Приложение 2	рассрочка) по внесению суммы недовнесенных средств в обязательные резервы, депонируемые в Банке России, - на двенадцатый рабочий день месяца, следующего за отчетным месяцем Квартальная Сведения о показателях операционной
man0005		для чего  нужен цифровой рубль и будут ли следить за моими счетами	1	3234-У_18042014#0031	3234-У от 18.04.2014	6	Приложение 2	6. Для каждого k-го поручения величина Pi, k определяется в следующем порядке: если в поручении, в котором указано i-е имущество, не указана цена (курс), либо данное поручение является конкурентным поручением на покупку 
man0005			2	579-П_27022017#0324	579-П от 27.02.2017	9.6	Приложение	9.6. Назначение счета - учет сертификатов, бланков и ценных бумаг, находящихся в пути, отосланных и выданных под отчет. Учет ценных бумаг и сертификатов ведется по их номинальной стоимости, бланков - в условной оценке 1 
man0005			3	809-П_24112022#0362	809-П от 24.11.2022	9.2–9.3	Приложение	9.2. Назначение счета - учет бланков собственных ценных бумаг, предназначенных для распространения. Бланки ценных бумаг учитываются в условной оценке 1 рубль за бланк. Счет активный. По дебету счета отражаются суммы: пол
man0005			4	809-П_24112022#0365	809-П от 24.11.2022	9.6	Приложение	9.6. Назначение счета - учет сертификатов, бланков и ценных бумаг, находящихся в пути, отосланных и выданных под отчет. Учет ценных бумаг и сертификатов ведется по их номинальной стоимости, бланков - в условной оценке 1 
man0006		может ли организация предоставить аудитору только титульный лист Правил внутреннего контроля по ПОД/ФТ с подписью	1	3471-У_05122014#0014	3471-У от 05.12.2014	4.1–4.5	Глава 4. Программа подготовки и обучения	4.1. Некредитная финансовая организация, за исключением страхового брокера, являющегося индивидуальным предпринимателем и не имеющего работников, с которыми заключены трудовые договоры, разрабатывает программу подготовки
man0006			2	3078-У_25102013#0019	3078-У от 25.10.2013	1		1. Территориальным подразделениям Службы в срок до 31.01.2014 в некредитных финансовых организациях, указанных в планах проведения выездных проверок в IV квартале 2013 года, необходимо: а) проверить на личие у тверж денн
man0006			3	445-П_15122014#0015	445-П от 15.12.2014	2.8	Глава 2. Организация системы ПОД/ФТ	кредитной финансовой организации; порядок проверки осуществления внутреннего контроля за соблюдением некредитной финансовой организацией и ее сотрудниками законодательства Российской Федерации в сфере ПОД/ФТ, ПВК по ПОД/
man0006			4	3470-У_05122014#0003	3470-У от 05.12.2014	1–3		1. Квалификационные требования к специальным должностным лицам, ответственным за реализацию правил внутреннего контроля в целях ПОД/ФТ в некредитных финансовых организациях, различаются в зависимости от вида таких некред
man0007		когда цфа подлежит обязательному контролю и от какой суммы	1	858-П_17062025#0051	858-П от 17.06.2025	4.7	Глава 4. Расчет стоимости обязательств страховщика	4.7. Стоимость обязательств, возникших в результате выпуска страховщиком ЦФА (далее - обязательства по ЦФА), в случае невозможности определения максимального размера выплаты по таким ЦФА и если размер выплаты по таким ЦФ
man0007			2	4015-У_13052016#0018	4015-У от 13.05.2016	1	Приложение	1. Следует ли относить к операциям, подлежащим обязательному контролю в соответствии с абзацем седьмым подпункта 1 пункта 1 статьи 6 Федерального закона от 07.08.2001 № 115-ФЗ “О противодействии легализации (отмыванию) д
man0007			3	777-П_26102021#0068	777-П от 26.10.2021	9–13	Приложение 5	9. Значения по строкам показателей “направление использования 1”, “…”, “Отрицательный финансовый результат от приносящей доход деятельности”, “Прочее” отражаются со знаком “минус”. 10. По строке показателя “Остаток средс
man0007			4	7089-У_18062025#0053	7089-У от 18.06.2025	5	Приложение	комендаций, а также финансовые инструменты, цифровые финансовые активы (далее - ЦФА) и цифровые права, включающие одновременно ЦФА и иные цифровые права. 5 Например, посредством элементов клиентского интерфейса дистанцио
man0008		особенности расчета мпл в отношении ипотечных кредитов	1	6993-У_03022025#0031	6993-У от 03.02.2025	3.1	Глава 3. Порядок применения	ных кредитной организацией в течение отчетного квартала (если показатель МПЛ3_i соответствует показателю МПЛ3_ДДУ); ИКФЛ 1_готовое жилье - объем кредитов, обеспеченных ипотекой, указанных в подпункте 1.1.2.2 пункта 1.1 н
man0008			2	4212-У_24112016#0564	4212-У от 24.11.2016	3.3–3.7	Приложение 1	3.3. В графах 5 и 10 указывается сумма досрочно погашенных заемщиками ипотечных жилищных кредитов, не включая суммы, погашенные за счет субсидий, перечисленных на счета заемщиков (балансовый счет № 40817 “Физические лица
man0008			3	4927-У_08102018#0651	4927-У от 08.10.2018	3.3–3.6	Глава 2. Составление Отчета	3.3. В графах 5 и 11 указывается сумма досрочно погашенных заемщиками (солидарными должниками) ипотечных жилищных кредитов. 3.4. В графах 6 и 12 указывается сумма досрочно погашенных заемщиками (солидарными заемщиками) и
man0008			4	4212-У_24112016#0551	4212-У от 24.11.2016	1–1	Приложение 1	1. в рублях ___________________________ тыс. руб.; 2. в иностранной валюте________________ тыс. руб. вновь средствами, выданными полученными средствами ипотечными от реализации отступным заемщика жилищными заложенного кр
man0009		на каких счетах бухгалтерского учета необходимо отражать суммы резервов по уокх	1	829-П_17102023#0024	829-П от 17.10.2023	7.1–7.3	Глава 7. Отражение на счетах бухгалтерского	7.1. Фонд должен отражать на счетах бухгалтерского учета распределение результата размещения средств пенсионных резервов по договорам ДС, направленного на увеличение (уменьшение) РППО по договорам ДС, бухгалтерскими запи
man0009			2	723-П_18062020#0031	723-П от 18.06.2020	13.1–13.2	Глава 13. Отражение на счетах бухгалтерского	учета дохода от размещения средств пенсионных резервов 13.1. Фонд должен отражать на счетах бухгалтерского учета доход от размещения средств пенсионных резервов в течение отчетного периода и в качестве корректирующего со
man0009			3	776-П_23092021#0034	776-П от 23.09.2021	13.1–13.2	Глава 13. Отражение на счетах бухгалтерского	13.1. Фонд должен отражать на счетах бухгалтерского учета доход от размещения средств пенсионных резервов по договорам НПО в течение отчетного периода и в качестве корректирующего события после окончания отчетного период
man0009			4	726-П_29062020#0015	726-П от 29.06.2020	4.1–4.3	Глава 4. Отражение на счетах бухгалтерского	учета доходов и расходов от операций в иностранной валюте и операций с драгоценными металлами 4.1. Некредитная финансовая организация должна отражать на счетах бухгалтерского учета доходы от операций купли-продажи иностр
man0010		обязательно страховать имущество при получении кредита или нет	1	5704-У_11012021#0015	5704-У от 11.01.2021		Приложение 2	удостоверяющем личность удостоверяющего личность Серия документа, Обязательно включается в запрос, если содержится в запросе удостоверяющего личность пользователя кредитной истории Номер документа, Обязательно включаются
man0010			2	5704-У_11012021#0014	5704-У от 11.01.2021		Приложение 2	к Указанию Банка России от 11 января 2021 года № 5704-У “О порядке и форме предоставления сведений о среднемесячных платежах субъекта кредитной истории, о порядке и форме запроса и предоставления квалифицированным бюро к
man0010			3	3924-У_28122015#0036	3924-У от 28.12.2015	8.5–9.1	Глава 8. Права, обязанности и ответственность сторон	8.5. Банк вправе досрочно (полностью или частично) исполнить обязательства по кредитам Банка России, полученным в рамках настоящего договора, в порядке, установленном пунктами 7.1 и 7.5 настоящего договора. 9.1. Стороны 
man0010			4	6900-У_14102024#0010	6900-У от 14.10.2024		Приложение 2	к Указанию Банка России от 14 октября 2024 года № 6900-У “О требованиях к условиям и порядку оказания услуги по предоставлению сведений о запрете (снятии запрета) на заключение договоров потребительского займа (кредита) 
