nomer	zapros	akt	vid	data	nazvanie	razdely	gruppa
1		5814-У	Указание	09.06.2021	О форме, порядке и сроках направления кредитными организациями, страховыми организациями и негосударственными пенсионными фондами в Банк России информ	Глава 1. Направление кредитными | Глава 2. Ведение Банком России перечней | Глава 3. Заключительные положения	test_nevidannye
2		660-П	Положение	16.11.2018	Об общих собраниях акционеров	Глава 1. Общие положения | Глава 2. Дополнительные требования к порядку | Глава 3. Дополнительные требования к порядку	test_nevidannye
3		16-МР	Методические рекомендации	30.09.2024	Методические рекомендации Банка России по организации взаимодействия информационных систем организаций финансового рынка с инфраструктурой, обеспечива	Глава 1. Общие положения | Глава 2. Рекомендации по организации взаимодействи | Глава 3. Рекомендации по организации взаимодействи	test_nevidannye
4		1-ОР	Официальное разъяснение	23.11.2017	О применении отдельных норм Положения Банка России от 19 сентября 2014 года № 431-П «О правилах обязательного страхования гражданской ответственности 	Приложение. : на 39 л. | Приложение. № 1 | Приложение. № 2	test_nevidannye
5		4045-У	Указание	16.06.2016	О порядке регистрации Банком России правил осуществления репозитарной деятельности, правил внутреннего контроля, внутреннего аудита и управления риска		test_nevidannye
6		631-П	Положение	07.02.2018	О случаях и порядке проведения Банком России проверок деятельности конкурсных управляющих кредитной организации, страховой организации	Глава 1. Общие положения | Глава 2. Проведение проверки | Глава 3. Оформление результатов проверки	test_nevidannye
7		12-МР	Методические рекомендации	28.06.2024	Методические рекомендации Банка России по формированию показателей разделов 1-4 формы отчетности 0409119 «Данные о максимальной доходности по вкладам 		test_nevidannye
8		3234-У	Указание	18.04.2014	О единых требованиях к правилам осуществления брокерской деятельности при совершении отдельных сделок за счет клиентов	Приложение 1 | Приложение 2	test_nevidannye
9		653-П	Положение	04.10.2018	О требованиях к содержанию, порядке и сроках представления кредитными организациями в Банк России планов восстановления финансовой устойчивости, измен	Глава 1. Требования к содержанию ПВФУ | Глава 2. Порядок и сроки представления | Глава 3. Порядок оценки Банком России ПВФУ,	test_nevidannye
10		27-МР	Методические рекомендации	31.10.2017	Методические рекомендации по проведению обучения кассовых работников кредитных организаций определению платежеспособности и подлинности денежных знако	Приложение	test_nevidannye
11		3589-У	Указание	12.03.2015	О порядке регистрации регламента специализированного депозитария по осуществлению контроля за составом и структурой активов, принимаемых для покрытия 	Приложение. : 1. Регламент специализированного деп | Приложение 2	test_nevidannye
12		833-П	Положение	07.12.2023	"Положение Банка России ""О требованиях к обеспечению защиты информации для участников платформы цифрового рубля"""	Приложение 1 | Приложение 2	test_nevidannye
13		1-МР	Методические рекомендации	12.02.2021	Методические рекомендации «О повышении внимания кредитных организаций к отдельным операциям, совершаемым на основании исполнительных документов»		test_nevidannye
14		5343-У	Указание	05.12.2019	О требованиях по формированию состава и структуры пенсионных резервов	Глава 1. Требования по формированию состава | Глава 2. Требования по формированию | Глава 3. Объекты инвестирования,	test_nevidannye
15		613-П	Положение	25.10.2017	О формах раскрытия информации в бухгалтерской (финансовой) отчетности некредитных финансовых организаций и порядке группировки счетов бухгалтерского у	Глава 1. Общие положения | Глава 2. Годовая бухгалтерская (финансовая) | Глава 3. Cоставление бухгалтерской	test_nevidannye
16		29-МР	Методические рекомендации	24.12.2019	Методические рекомендации «Об информировании банками своих клиентов о факте приостановления операций по их счетам в банках по решению налогового орган		test_nevidannye
17		5287-У	Указание	14.10.2019	О порядке осуществления временной администрацией страховой организации контроля за деятельностью ликвидационной комиссии (ликвидатора) страховой орган		test_nevidannye
18		442-П	Положение	30.11.2014	О порядке проведения отбора аудиторских организаций для проведения проверок кредитных организаций (их филиалов) по поручению Совета директоров Банка Р	Глава 1. Общие положения | Глава 2. Предварительный отбор | Глава 3. Организация конкурсного отбора	test_nevidannye
19		3436-У	Указание	06.11.2014	"О неприменении приказа Федеральной службы по финансовым рынкам от 9 апреля 2013 года № 13-25/пз-н ""Об утверждении Административного регламента предост"		test_nevidannye
20		824-П	Положение	18.09.2023	"Положение Банка России ""О порядке расчета банками величины кредитного риска с применением банковских методик управления рисками и моделей количественн"		test_nevidannye
21		5-МР	Методические рекомендации	28.03.2025	Методические рекомендации Банка России по установлению критериев существенного отклонения объема торгов ценными бумагами, производными финансовыми инс		test_nevidannye
22		4139-У	Указание	23.09.2016	О порядке расчета результатов инвестирования средств пенсионных накоплений, не включенных в резервы негосударственного пенсионного фонда, для отражени	Приложение. : на 2 л.	test_nevidannye
23		524-П	Положение	28.12.2015	Отраслевой стандарт бухгалтерского учета договоров аренды некредитными финансовыми организациями	Глава 1. Общие положения | Глава 2. Классификация договоров аренды | Глава 3. Бухгалтерский учет финансовой	test_nevidannye
24		6-МР	Методические рекомендации	01.03.2016	Методические рекомендации по формированию показателей раздела 2 формы отчетности 0409410 «Сведения об активах и пассивах уполномоченного банка по вида	Глава 1. Общие положения | Глава 2. При формировании показателей раздела 2 фо | Глава 3. Заключительные положения	test_nevidannye
25		7085-У	Указание	17.06.2025	"Указание Банка России ""Об условиях, соблюдение которых необходимо для исключения из правил доверительного управления паевым инвестиционным фондом указ"		test_nevidannye
26		852-П	Положение	18.02.2025	Положение Банка России «Об обязательных резервах»	Глава 1. Общие положения | Глава 2. Расчет размера обязательных | Глава 3. Порядок выполнения обязательных	test_nevidannye
27		15-МР	Методические рекомендации	30.09.2024	Методические рекомендации Банка России по отражению на счетах бухгалтерского учета негосударственными пенсионными фондами договоров об обязательном пе	Приложение | Глава 1. Отражение на счетах бухгалтерского учета | Глава 2. Отражение на счетах бухгалтерского учета	test_nevidannye
28		6454-У	Указание	20.06.2023	"Указание Банка России ""О требованиях к профессиональному опыту и квалификационных требованиях, которым должны соответствовать лица, указанные в части "	Глава 1. Требования к профессиональному | Глава 2. Квалификационные требования, | Глава 3. Заключительные положения	test_nevidannye
29		806-П	Положение	28.09.2022	"Положение Банка России ""Об установлении требований к расчету негосударственными пенсионными фондами величины обязательств по договорам об обязательном"		test_nevidannye
30		5314-У	Указание	13.11.2019	О порядке присвоения выпускам (дополнительным выпускам) эмиссионных ценных бумаг и программам облигаций регистрационных номеров и порядке аннулировани	Глава 1. Общие положения | Глава 2. Присвоение регистрационного номера выпуск | Глава 3. Присвоение регистрационного номера или ин	test_nevidannye
31		433-П	Положение	19.09.2014	О правилах проведения независимой технической экспертизы транспортного средства		test_nevidannye
32		10-МР	Методические рекомендации	13.04.2018	Методические рекомендации по установлению критериев существенного отклонения объема торгов иностранной валютой		test_nevidannye
33		3417-У	Указание	13.10.2014	О порядке присвоения и аннулирования государственных регистрационных номеров или идентификационных номеров выпускам (дополнительным выпускам) эмиссион	Глава 1. Общие положения | Глава 2. Государственный регистрационный номер вып | Глава 3. Государственный регистрационный номер доп	test_nevidannye
34		528-П	Положение	28.12.2015	О порядке осуществления Банком России контроля за деятельностью объединения страховщиков, осуществляющих сельскохозяйственное страхование с государств	Приложение 2 | Приложение 3 | Приложение 4	test_nevidannye
35		3670-У	Указание	10.06.2015	О сроках и порядке составления и представления в Банк России и страховщику отчетности специализированного депозитария	Приложение	test_nevidannye
36		841-П	Положение	16.09.2024	Положение Банка России «Об осуществлении Банком России бюджетных полномочий главного администратора (администратора) доходов федерального бюджета, дох	Глава 1. Общие положения | Глава 2. Бюджетные полномочия структурных | Глава 3. Заполнение платежных поручений,	test_nevidannye
37		4060-У	Указание	04.07.2016	О требованиях к организации системы управления рисками негосударственного пенсионного фонда	Глава 1. Общие положения | Глава 2. Выявление рисков | Глава 3. Организация процесса управления	test_nevidannye
38		851-П	Положение	30.01.2025	Положение Банка России «Об установлении обязательных для кредитных организаций, иностранных банков, осуществляющих деятельность на территории Российск	Приложение 1	test_nevidannye
39		6477-У	Указание	29.06.2023	"Указание Банка России ""О нормативном размере страхового резерва негосударственного пенсионного фонда, порядке его формирования, порядке осуществления "	Глава 1. Нормативный размер страхового резерва нег | Глава 2. Порядок использования страхового резерва  | Глава 3. Заключительные положения	test_nevidannye
40		558-П	Положение	16.11.2016	О правилах формирования страховых резервов по страхованию иному, чем страхование жизни	Глава 1. Общие положения | Глава 2. Виды страховых резервов, | Глава 3. Методы расчета страховых резервов	test_nevidannye
41		5220-У	Указание	30.07.2019	О требованиях, с соблюдением которых прекращаются обязательства по депозитарным договорам организацией, в отношении которой Банком России принято реше	Глава 1. Требования, с соблюдением которых | Глава 2. Требования к осуществлению | Глава 3. Заключительные положения	test_nevidannye
42		646-П	Положение	04.07.2018	О методике определения собственных средств (капитала) кредитных организаций (“Базель III”)		test_nevidannye
43		3392-У	Указание	25.09.2014	О требованиях к стандартам и правилам саморегулируемых организаций актуариев, кодексу профессиональной этики	Глава 1. Требования к стандартам и правилам саморе | Глава 2. Требования к кодексу профессиональной эти	test_nevidannye
44		540-П	Положение	27.04.2016	О порядке сообщения служащими Банка России о получении подарка в связи с протокольными мероприятиями, служебными командировками и другими официальными	Глава 1. Порядок сообщения о получении | Глава 3. Определение стоимости, постановка | Глава 4. Реализация подарка	test_nevidannye
45		6422-У	Указание	11.05.2023	Указание Банка России «О порядке назначения уполномоченного представителя Банка России в центральный депозитарий, осуществления и прекращения им своей	Глава 1. Порядок назначения уполномоченного | Глава 2. Порядок предоставления центральным | Глава 3. Заключительные положения	test_nevidannye
46		477-П	Положение	05.07.2015	О требованиях к порядку совершения отдельных действий в связи с приобретением более 30 процентов акций акционерного общества и об осуществлении госуда	Глава 1. Общие положения | Глава 2. Действия, совершаемые в связи с приобрете | Глава 3. Раскрытие информации лицом, направляющим 	test_nevidannye
47		3237-У	Указание	23.04.2014	Об установлении дополнительных требований к кредитным организациям, в которых размещаются средства пенсионных накоплений и накопления для жилищного об		test_nevidannye
48		417-П	Положение	03.04.2014	Об оценке соответствия деятельности негосударственного пенсионного фонда требованиям к участию в системе гарантирования прав застрахованных лиц	Глава 1. Состав показателей оценки, методики их ра | Глава 2. Порядок рассмотрения Банком | Глава 3. Заключительные положения	test_nevidannye
49		3728-У	Указание	15.07.2015	О методике определения стоимости имущества (активов) и обязательств кредитной организации		test_nevidannye
50		523-П	Положение	28.12.2015	Отраслевой стандарт бухгалтерского учета «Порядок исправления ошибок в бухгалтерском учете и бухгалтерской (финансовой) отчетности некредитными финанс	Глава 1. Общие положения | Глава 2. Порядок исправления ошибок | Глава 3. Заключительные положения	test_nevidannye
51		3752-У	Указание	06.08.2015	О порядке получения разрешений на применение банковских методик управления кредитными рисками и моделей количественной оценки кредитных рисков в целях	Приложение. : комплект документов банка. | Приложение 2	test_nevidannye
52		727-П	Положение	29.06.2020	О формах раскрытия информации в бухгалтерской (финансовой) отчетности негосударственных пенсионных фондов и порядке группировки счетов бухгалтерского 	Приложение 1 | Приложение 2 | Приложение 3	test_nevidannye
53		4043-У	Указание	10.06.2016	О размере процентной ставки по кредиту овернайт Банка России		test_nevidannye
54		664-П	Положение	05.12.2018	О временной администрации финансовой организации, являющейся профессиональным участником рынка ценных бумаг, управляющей компанией инвестиционных фонд	Глава 1. Осуществление Банком России | Глава 2. Взаимодействие временной | Глава 3. Принятие Банком России решения	test_nevidannye
55		3463-У	Указание	30.11.2014	Об особенностях организации и проведения проверок кредитных организаций (их филиалов) аудиторскими организациями по поручению Совета директоров Банка 	Глава 1. Общие положения | Глава 2. Особенности организации и оформления полн | Глава 3. Права, обязанности и ответственность	test_nevidannye
56		190-И	Инструкция	27.07.2018	О перечне документов, подтверждающих соблюдение лицензионных условий и представляемых для получения лицензии на осуществление деятельности инвестицион	Глава 1. Перечень документов, | Глава 2. Перечень документов, | Глава 3. Перечень документов,	test_zhanr
57		221-И	Инструкция	26.05.2025	"Инструкция Банка России ""Об обязательных нормативах банков с базовой лицензией и об осуществлении Банком России надзора за их соблюдением"""	Глава 1. Общие положения | Глава 2. Методика определения и числовые | Глава 3. Методика определения и числовые	test_zhanr
58		202-И	Инструкция	15.01.2020	О порядке проведения Банком России проверок поднадзорных лиц	Глава 1. Общие положения | Глава 2. Права и обязанности руководителя | Глава 3. Права и обязанности	test_zhanr
59		154-И	Инструкция	17.06.2014	О порядке оценки системы оплаты труда в кредитной организации и порядке направления в кредитную организацию предписания об устранении нарушения в ее с	Глава 1. Общие положения | Глава 2. Условия соответствия системы | Глава 3. Особенности оценки соответствия системы о	test_zhanr
60		169-И	Инструкция	26.10.2015	О порядке лицензирования Банком России бирж и торговых систем и порядке ведения реестра лицензий	Глава 1. Общие положения | Глава 2. Требования к документам и сведениям, | Глава 3. Порядок рассмотрения документов,	test_zhanr
61		195-И	Инструкция	18.12.2018	О порядке организации и проведения Банком России контрольного мероприятия в отношении кредитных организаций и некредитных финансовых организаций, поря	Глава 1. Общие положения | Глава 2. Организация и проведение | Глава 3. Заключительные положения	test_zhanr
62		220-И	Инструкция	26.05.2025	"Инструкция Банка России ""Об обязательных нормативах и надбавках к нормативам достаточности собственных средств (капитала) банков с универсальной лицен"	Глава 1. Общие положения | Глава 2. Методика определения и числовые значения  | Глава 3. Методика расчета и порядок соблюдения над	test_zhanr
63		178-И	Инструкция	28.12.2016	Об установлении размеров (лимитов) открытых валютных позиций, методике их расчета и особенностях осуществления надзора за их соблюдением кредитными ор	Глава 1. Методика расчета размеров (лимитов) | Глава 2. Размеры (лимиты) открытой | Глава 3. Основания и порядок установления	test_zhanr
64		162-И	Инструкция	14.04.2015	О требованиях к составу и содержанию документов, представляемых в Банк России для регистрации правил доверительного управления ипотечным покрытием, а 	Глава 1. Требования к составу и содержанию | Глава 2. Требования к составу и содержанию | Глава 3. Проверка состава и содержания представлен	test_zhanr
65		194-И	Инструкция	17.12.2018	О порядке и условиях проведения Банком России аккредитации организации, осуществляющей функции оператора товарных поставок, основаниях и порядке прекр	Глава 1. Условия проведения Банком России | Глава 2. Порядок проведения Банком России | Глава 3. Основания и порядок прекращения	test_zhanr
66		207-И	Инструкция	08.11.2022	О допустимых сочетаниях банковских операций расчетных небанковских кредитных организаций, об обязательных нормативах расчетных небанковских кредитных 	Глава 1. Допустимые сочетания банковских | Глава 2. Числовые значения и методика | Глава 3. Осуществление Банком России	test_zhanr
67		185-И	Инструкция	25.12.2017	О получении согласия (одобрения) Банка России на приобретение акций (долей) финансовой организации и (или) на установление контроля в отношении акцион	Глава 1. Общие положения | Глава 2. Направление ходатайства о получении | Глава 3. Направление ходатайства о получении	test_zhanr
68		173-И	Инструкция	08.06.2016	О порядке и об условиях лицензирования репозитарной деятельности и о порядке уведомления репозитарием Банка России о назначении руководителя структурн	Глава 1. Общие положения | Глава 2. Представление документов | Глава 3. Порядок переоформления лицензии	test_zhanr
69		170-И	Инструкция	11.11.2015	О порядке лицензирования Банком России клиринговой деятельности и порядке ведения реестра лицензий	Глава 1. Общие положения | Глава 2. Требования к документам | Глава 3. Порядок рассмотрения документов,	test_zhanr
70		184-И	Инструкция	21.12.2017	О порядке проведения инспекционных проверок не являющихся кредитными организациями операторов платежных систем, операторов услуг платежной инфраструкт	Глава 1. Общие положения | Глава 2. Права, обязанности и ответственность | Глава 3. Права и обязанности поднадзорной	test_zhanr
71		172-И	Инструкция	08.12.2015	О порядке регистрации регламента специализированного депозитария по осуществлению контроля за деятельностью по инвестированию средств пенсионных накоп	Приложение 1 | Приложение. : | Приложение 2	test_zhanr
72		158-И	Инструкция	06.11.2014	О порядке проведения проверок бюро кредитных историй уполномоченными представителями Центрального банка Российской Федерации (Банка России)	Глава 1. Общие положения | Глава 2. Права, обязанности и ответственность | Глава 3. Обязанности Бюро	test_zhanr
73		153-И	Инструкция	30.05.2014	Об открытии и закрытии банковских счетов, счетов по вкладам (депозитам), депозитных счетов	Глава 1. Общие положения | Глава 2. Виды счетов | Глава 3. Открытие текущего счета физическому лицу	test_zhanr
74		148-И	Инструкция	27.12.2013	О порядке осуществления процедуры эмиссии ценных бумаг кредитных организаций на территории Российской Федерации	Глава 1 | Глава 2 | Глава 3	test_zhanr
75		215-И	Инструкция	01.10.2024	Инструкция Банка России «О порядке организации и проведения Банком России контрольного мероприятия в отношении кредитных организаций, иностранных банк	Глава 1. Общие положения | Глава 2. Организация и проведение | Глава 3. Заключительные положения	test_zhanr
76		188-И	Инструкция	21.06.2018	О порядке применения к кредитным организациям (головным кредитным организациям банковских групп) мер, предусмотренных статьей 74 Федерального закона “	Глава 1. Общие положения | Глава 2. Меры, применяемые к кредитным | Глава 3. Выявление и фиксация нарушений	test_zhanr
77		208-И	Инструкция	24.05.2022	О порядке регистрации правил доверительного управления паевым инвестиционным фондом, инвестиционные паи которого не предназначены исключительно для кв	Глава 1. Требования к составу, | Глава 2. Требования к составу, | Глава 3. Представление документов	test_zhanr
78		183-И	Инструкция	06.12.2017	Об обязательных нормативах банков с базовой лицензией	Глава 1. Обязательные нормативы | Глава 2. Числовые значения и методика | Глава 3. Соблюдение банками с базовой	test_zhanr
79		146-И	Инструкция	25.10.2013	О порядке получения согласия Банка России на приобретение акций (долей) кредитной организации	Глава 1. Общие положения | Глава 2. Порядок получения последующего согласия Б | Глава 3. Порядок подачи ходатайства о	test_zhanr
80		175-И	Инструкция	14.11.2016	О банковских операциях небанковских кредитных организаций – центральных контрагентов, об обязательных нормативах небанковских кредитных организаций – 	Глава 1. Банковские операции и обязательные | Глава 2. Норматив достаточности собственных | Глава 3. Норматив достаточности совокупных	test_zhanr
81		446-П	Положение	22.12.2014	О порядке определения доходов, расходов и прочего совокупного дохода кредитных организаций	Глава 1. Общие положения | Глава 2. Классификация доходов и расходов | Глава 3. Принципы признания и определения	test_zhivye
82		5348-У	Указание	09.12.2019	О правилах наличных расчетов		test_zhivye
83		199-И	Инструкция	29.11.2019	Об обязательных нормативах и надбавках к нормативам достаточности капитала банков с универсальной лицензией	Глава 1. Общие положения | Глава 2. Нормативы достаточности капитала банка, р | Глава 3. Нормативы достаточности капитала банка, р	test_zhivye
84		525-П	Положение	28.12.2015	Отраслевой стандарт бухгалтерского учета хеджирования кредитными организациями	Глава 1. Общие положения | Глава 2. Общие принципы бухгалтерского | Глава 3. Особенности бухгалтерского учета	test_zhivye
85		6406-У	Указание	10.04.2023	"Указание Банка России ""О формах, сроках, порядке составления и представления отчетности кредитных организаций (банковских групп) в Центральный банк Ро"	Приложение 1 | Глава 1. Общие положения | Глава 2. Случаи, сроки представления Отчета и круг	test_zhivye
86		180-И	Инструкция	28.06.2017	Об обязательных нормативах банков	Глава 1. Общие положения | Глава 2. Нормативы достаточности капитала банка: н | Глава 3. Надбавки к нормативам достаточности капит	test_zhivye
87		448-П	Положение	22.12.2014	О порядке бухгалтерского учета основных средств, нематериальных активов, недвижимости, временно неиспользуемой в основной деятельности, долгосрочных а	Глава 1. Общие положения | Глава 2. Бухгалтерский учет основных средств | Глава 3. Бухгалтерский учет нематериальных	test_zhivye
88		3054-У	Указание	04.09.2013	О порядке составления кредитными организациями годовой бухгалтерской (финансовой) отчетности	Глава 1. Общие положения | Глава 2. Подготовка к составлению годовой отчетнос | Глава 3. События после отчетной даты и	test_zhivye
89		809-П	Положение	24.11.2022	О Плане счетов бухгалтерского учета для кредитных организаций и порядке его применения	Приложение | Приложение 1 | Приложение 2	test_zhivye
90		6087-У	Указание	11.03.2022	О порядке отражения кредитными организациями на счетах бухгалтерского учета предоставленных кредитов, приобретенных прав требования от третьих лиц исп		test_zhivye
91		579-П	Положение	27.02.2017	О Плане счетов бухгалтерского учета для кредитных организаций и порядке его применения	Приложение | Приложение 1 | Приложение 2	test_zhivye
92		4927-У	Указание	08.10.2018	О перечне, формах и порядке составления и представления форм отчетности кредитных организаций в Центральный банк Российской Федерации	Приложение 1 | Глава 1. Общие положения | Глава 2. Составление Отчета	test_zhivye
93		798-П	Положение	29.06.2022	О порядке лицензирования Банком России видов профессиональной деятельности на рынке ценных бумаг, указанных в статьях 3-5, 7 и 8 Федерального закона о	Глава 1. Документы, представляемые | Глава 2. Порядок представления в Банк | Глава 3. Порядок принятия Банком России	test_zhivye
94		4892-У	Указание	31.08.2018	О видах активов, характеристиках видов активов, к которым устанавливаются надбавки к коэффициентам риска, и методике применения к указанным видам акти	Приложение 1 | Глава 1. Общие положения | Глава 2. Определение суммы среднемесячных платежей	test_zhivye
95		845-П	Положение	02.11.2024	Положение Банка России «О порядке расчета величины кредитного риска банками с применением банковских методик управления кредитным риском и моделей кол	Глава 1. Виды активов, в отношении которых банк пр | Глава 2. Требования к порядку расчета величины при | Глава 3. Расчет коэффициента риска для определения	test_zhivye
96		5395-У	Указание	29.01.2020	О порядке и сроках составления и представления в Банк России отчетов операторами инвестиционных платформ, формах отчетов операторов инвестиционных пла	Приложение 1 | Приложение 2 | Приложение 3	test_zhivye
97		511-П	Положение	03.12.2015	О порядке расчета кредитными организациями величины рыночного риска	Глава 1. Общие положения | Глава 2. Порядок расчета величины | Глава 3. Порядок расчета величины	test_zhivye
98		605-П	Положение	02.10.2017	О порядке отражения на счетах бухгалтерского учета кредитными организациями операций по размещению денежных средств по кредитным договорам, операций, 	Глава 1. Общие положения | Глава 2. Отражение на счетах бухгалтерского | Глава 3. Отражение на счетах бухгалтерского	test_zhivye
99		421-П	Положение	30.05.2014	"О порядке расчета показателя краткосрочной ликвидности (""Базель III"")"	Глава 1. Общие положения | Глава 2. Порядок расчета величины высоколиквидных  | Глава 3. Порядок расчета ожидаемых оттоков денежны	test_zhivye
100		714-П	Положение	27.03.2020	О раскрытии информации эмитентами эмиссионных ценных бумаг	Глава 1. Требования к раскрытию информации | Глава 2. Особенности раскрытия отдельных | Глава 3. Общие положения о раскрытии информации о 	test_zhivye
