query-id	corpus-id	score
exp0022	446-П_22122014#0055	2
exp0022	446-П_22122014#0056	2
exp0022	487-П_02092015#0039	1
exp0022	6411-У_17042023#0007	1
exp0022	810-П_24112022#0051	2
exp0032	3624-У_15042015#0051	1
exp0032	496-П_05102015#0018	2
exp0032	496-П_05102015#0019	1
exp0032	496-П_05102015#0031	1
exp0032	496-П_05102015#0034	1
exp0032	496-П_05102015#0038	1
exp0032	496-П_05102015#0046	1
exp0032	525-П_28122015#0021	1
exp0032	617-П_21112017#0005	1
exp0032	617-П_21112017#0018	1
exp0039	446-П_22122014#0011	1
exp0039	486-П_02092015#0384	1
exp0039	4927-У_08102018#0747	1
exp0039	579-П_27022017#0356	1
exp0039	6406-У_10042023#1300	1
exp0039	6406-У_10042023#1359	2
exp0039	809-П_24112022#0394	1
exp0039	810-П_24112022#0008	1
exp0184	590-П_28062017#0028	1
exp0184	590-П_28062017#0031	1
exp0184	590-П_28062017#0065	2
exp0184	590-П_28062017#0072	1
exp0184	590-П_28062017#0073	1
exp0186	590-П_28062017#0065	2
exp0186	590-П_28062017#0066	1
exp0186	590-П_28062017#0073	1
exp0186	611-П_23102017#0036	1
exp0186	878-П_12012026#0042	1
exp0188	590-П_28062017#0029	1
exp0188	590-П_28062017#0031	1
exp0188	590-П_28062017#0065	2
exp0188	590-П_28062017#0066	1
exp0188	590-П_28062017#0073	1
exp0188	611-П_23102017#0036	1
exp0188	878-П_12012026#0042	1
exp0195	590-П_28062017#0066	1
exp0195	590-П_28062017#0067	2
exp0198	31-МР_28112017#0043	1
exp0198	31-МР_28112017#0086	1
exp0198	3670-У_10062015#0015	1
exp0198	4927-У_08102018#0083	1
exp0198	590-П_28062017#0028	1
exp0198	590-П_28062017#0029	1
exp0198	590-П_28062017#0031	1
exp0198	590-П_28062017#0034	2
exp0198	590-П_28062017#0057	1
exp0198	590-П_28062017#0058	1
exp0198	6406-У_10042023#0413	1
exp0198	6406-У_10042023#0422	1
exp0201	3707-У_30062015#0033	2
exp0201	4927-У_08102018#0603	1
exp0201	570-П_26122016#0025	1
exp0201	590-П_28062017#0075	1
exp0201	590-П_28062017#0085	1
exp0201	6406-У_10042023#1118	1
exp0211	5348-У_09122019#0002	2
exp0215	5348-У_09122019#0001	1
exp0215	5348-У_09122019#0002	2
exp0220	762-П_29062021#0079	1
exp0220	762-П_29062021#0107	2
exp0220	841-П_16092024#0012	1
exp0224	762-П_29062021#0016	1
exp0224	762-П_29062021#0017	2
exp0224	762-П_29062021#0018	1
exp0224	762-П_29062021#0030	1
exp0224	762-П_29062021#0032	1
exp0224	762-П_29062021#0035	1
exp0224	762-П_29062021#0040	1
exp0224	762-П_29062021#0041	1
exp0225	6086-У_11032022#0005	1
exp0225	6087-У_11032022#0000	1
exp0225	6087-У_11032022#0001	1
exp0225	6087-У_11032022#0002	1
exp0225	6087-У_11032022#0004	2
exp0225	6087-У_11032022#0006	1
exp0225	6087-У_11032022#0007	1
exp0225	612-П_25102017#0233	1
exp0225	612-П_25102017#0246	1
exp0225	612-П_25102017#0255	1
exp0225	7027-У_31032025#0000	1
exp0225	7027-У_31032025#0006	1
exp0225	7027-У_31032025#0007	1
exp0226	3054-У_04092013#0002	1
exp0226	3054-У_04092013#0003	1
exp0226	3054-У_04092013#0004	1
exp0226	3054-У_04092013#0005	1
exp0226	3054-У_04092013#0010	1
exp0226	3054-У_04092013#0011	1
exp0226	3054-У_04092013#0014	1
exp0226	3054-У_04092013#0015	2
exp0226	3054-У_04092013#0026	1
exp0226	3054-У_04092013#0027	2
exp0226	3054-У_04092013#0030	1
exp0233	448-П_22122014#0005	1
exp0233	448-П_22122014#0006	1
exp0233	448-П_22122014#0020	2
exp0233	448-П_22122014#0035	1
exp0233	448-П_22122014#0036	1
exp0250	3502-У_22122014#0036	1
exp0250	446-П_22122014#0020	1
exp0250	446-П_22122014#0069	1
exp0250	446-П_22122014#0070	1
exp0250	494-П_01102015#0074	1
exp0250	494-П_01102015#0101	1
exp0250	494-П_01102015#0104	1
exp0250	494-П_01102015#0105	1
exp0250	494-П_01102015#0108	1
exp0250	606-П_02102017#0067	1
exp0250	606-П_02102017#0073	2
exp0250	606-П_02102017#0077	2
exp0250	606-П_02102017#0080	1
exp0250	810-П_24112022#0068	1
exp0257	446-П_22122014#0036	1
exp0257	446-П_22122014#0070	1
exp0257	446-П_22122014#0114	1
exp0257	446-П_22122014#0142	1
exp0257	446-П_22122014#0143	2
exp0257	6406-У_10042023#0813	1
exp0258	446-П_22122014#0050	1
exp0258	446-П_22122014#0081	2
exp0258	524-П_28122015#0023	1
exp0258	579-П_27022017#0555	1
exp0258	612-П_25102017#0358	1
exp0264	446-П_22122014#0007	1
exp0264	446-П_22122014#0094	1
exp0264	446-П_22122014#0095	1
exp0264	487-П_02092015#0007	1
exp0264	487-П_02092015#0233	1
exp0264	493-П_01102015#0034	2
exp0264	493-П_01102015#0035	1
exp0264	612-П_25102017#0206	1
exp0266	525-П_28122015#0010	2
exp0266	525-П_28122015#0031	1
exp0273	511-П_03122015#0021	2
exp0273	511-П_03122015#0022	1
exp0276	511-П_03122015#0021	2
exp0276	511-П_03122015#0022	1
exp0276	612-П_25102017#0265	1
exp0276	617-П_21112017#0009	1
exp0284	714-П_27032020#0007	1
exp0284	714-П_27032020#0028	1
exp0284	714-П_27032020#0052	2
exp0284	714-П_27032020#0254	1
exp0284	714-П_27032020#0268	1
exp0284	714-П_27032020#0274	1
exp0285	714-П_27032020#0249	1
exp0285	714-П_27032020#0263	1
exp0285	714-П_27032020#0265	1
exp0285	714-П_27032020#0266	1
exp0285	714-П_27032020#0267	2
exp0285	714-П_27032020#0269	2
exp0285	714-П_27032020#0412	1
exp0285	7278-У_12012026#0155	1
exp0286	714-П_27032020#0117	2
exp0286	714-П_27032020#0118	1
exp0286	714-П_27032020#0119	1
exp0286	714-П_27032020#0120	1
exp0286	714-П_27032020#0121	2
exp0286	714-П_27032020#0122	1
exp0286	714-П_27032020#0124	1
exp0286	714-П_27032020#0139	1
exp0286	714-П_27032020#0141	1
exp0301	180-И_28062017#0039	1
exp0301	180-И_28062017#0054	1
exp0301	4927-У_08102018#0620	2
exp0301	6406-У_10042023#0779	1
exp0301	6406-У_10042023#1139	1
exp0301	6960-У_16122024#0016	1
exp0301	6960-У_16122024#0036	1
exp0306	6406-У_10042023#1799	2
exp0306	6406-У_10042023#2419	1
exp0306	6411-У_17042023#0061	1
exp0306	6579-У_16102023#0041	1
exp0309	4212-У_24112016#0081	1
exp0309	4212-У_24112016#0260	2
exp0309	4383-У_24052017#0087	1
exp0309	4927-У_08102018#0633	1
exp0309	4927-У_08102018#0866	1
exp0309	4927-У_08102018#0953	1
exp0309	579-П_27022017#0615	1
exp0309	6406-У_10042023#0412	1
exp0309	6406-У_10042023#0789	1
exp0309	6406-У_10042023#1217	1
exp0309	6406-У_10042023#1800	1
exp0310	4212-У_24112016#0040	1
exp0310	4212-У_24112016#0918	1
exp0310	4927-У_08102018#0048	2
exp0310	4927-У_08102018#0442	2
exp0310	4927-У_08102018#0976	1
exp0310	4927-У_08102018#1054	1
exp0310	4927-У_08102018#1457	1
exp0310	5911-У_02092021#0001	1
exp0310	6406-У_10042023#0743	1
exp0310	6406-У_10042023#1686	1
exp0311	31-МР_28112017#0042	1
exp0311	4212-У_24112016#0109	1
exp0311	4927-У_08102018#0119	2
exp0311	6406-У_10042023#0467	1
exp0311	6406-У_10042023#1812	2
exp0311	6406-У_10042023#1813	1
exp0311	6579-У_16102023#0015	1
exp0311	6579-У_16102023#0086	1
exp0316	3-МР_14022020#0000	1
exp0316	4927-У_08102018#0642	1
exp0316	4927-У_08102018#0652	1
exp0316	5-МР_20042022#0000	1
exp0316	6406-У_10042023#1212	1
exp0316	6406-У_10042023#1213	1
exp0316	6406-У_10042023#1223	1
exp0316	6406-У_10042023#1225	1
exp0316	6406-У_10042023#1227	1
exp0316	6406-У_10042023#1246	2
exp0316	6406-У_10042023#1251	1
exp0319	4212-У_24112016#0555	1
exp0319	4212-У_24112016#0557	1
exp0319	48-МР_26122016#0028	1
exp0319	4927-У_08102018#0641	2
exp0319	4927-У_08102018#0642	1
exp0319	6406-У_10042023#0704	1
exp0319	6406-У_10042023#1223	1
exp0319	6406-У_10042023#1224	1
exp0319	6993-У_03022025#0002	1
exp0319	6993-У_03022025#0003	1
exp0324	5395-У_29012020#0069	2
man0004	3924-У_28122015#0062	1
man0004	3978-У_09032016#0005	2
man0004	4253-У_27122016#0001	2
man0004	507-П_01122015#0053	1
man0008	199-И_29112019#0125	2
man0008	3-МР_14022020#0000	1
man0008	4795-У_15052018#0001	2
man0008	6993-У_03022025#0029	2
man0008	6993-У_03022025#0030	1
man0008	6993-У_03022025#0031	1
man0008	6993-У_03022025#0032	1
man0008	6993-У_03022025#0035	1
man0008	845-П_02112024#0013	1
man0009	508-П_03122015#0013	1
man0009	508-П_03122015#0014	2
man0009	605-П_02102017#0047	1
man0009	606-П_02102017#0035	1
man0009	612-П_25102017#0377	1
man0009	6889-У_02102024#0000	1
man0009	6889-У_02102024#0004	1
man0009	6889-У_02102024#0005	1
